<?xml version="1.0" encoding="UTF-8" ?>
<!-- This is a WordPress eXtended RSS file generated by WordPress as an export of your site. -->
<!-- It contains information about your site's posts, pages, comments, categories, and other content. -->
<!-- You may use this file to transfer that content from one site to another. -->
<!-- This file is not intended to serve as a complete backup of your site. -->

<!-- To import this information into a WordPress site follow these steps: -->
<!-- 1. Log in to that site as an administrator. -->
<!-- 2. Go to Tools: Import in the WordPress admin panel. -->
<!-- 3. Install the "WordPress" importer from the list. -->
<!-- 4. Activate & Run Importer. -->
<!-- 5. Upload this file using the form provided on that page. -->
<!-- 6. You will first be asked to map the authors in this export file to users -->
<!--    on the site. For each author, you may choose to map to an -->
<!--    existing user on the site or to create a new user. -->
<!-- 7. WordPress will then import each of the posts, pages, comments, categories, etc. -->
<!--    contained in this file into your site. -->

<!-- generator="WordPress/3.5.2" created="2013-08-01 18:47" -->
<rss version="2.0"
	xmlns:excerpt="http://wordpress.org/export/1.2/excerpt/"
	xmlns:content="http://purl.org/rss/1.0/modules/content/"
	xmlns:wfw="http://wellformedweb.org/CommentAPI/"
	xmlns:dc="http://purl.org/dc/elements/1.1/"
	xmlns:wp="http://wordpress.org/export/1.2/"
>

<channel>
	<title>Pen and Paper</title>
	<link>http://localhost/wordpress_test</link>
	<description>Just another WordPress site</description>
	<pubDate>Thu, 01 Aug 2013 18:47:52 +0000</pubDate>
	<language>en-US</language>
	<wp:wxr_version>1.2</wp:wxr_version>
	<wp:base_site_url>http://localhost/wordpress_test</wp:base_site_url>
	<wp:base_blog_url>http://localhost/wordpress_test</wp:base_blog_url>

	<wp:author><wp:author_id>1</wp:author_id><wp:author_login>admin</wp:author_login><wp:author_email></wp:author_email><wp:author_display_name><![CDATA[admin]]></wp:author_display_name><wp:author_first_name><![CDATA[]]></wp:author_first_name><wp:author_last_name><![CDATA[]]></wp:author_last_name></wp:author>

	<wp:category><wp:term_id>1</wp:term_id><wp:category_nicename>uncategorized</wp:category_nicename><wp:category_parent></wp:category_parent><wp:cat_name><![CDATA[Uncategorized]]></wp:cat_name></wp:category>
	<wp:tag><wp:term_id>2</wp:term_id><wp:tag_slug>black-and-white</wp:tag_slug><wp:tag_name><![CDATA[black and white]]></wp:tag_name></wp:tag>
	<wp:tag><wp:term_id>3</wp:term_id><wp:tag_slug>color</wp:tag_slug><wp:tag_name><![CDATA[color]]></wp:tag_name></wp:tag>
	<wp:tag><wp:term_id>4</wp:term_id><wp:tag_slug>drawing</wp:tag_slug><wp:tag_name><![CDATA[drawing]]></wp:tag_name></wp:tag>
	<wp:tag><wp:term_id>5</wp:term_id><wp:tag_slug>drawings</wp:tag_slug><wp:tag_name><![CDATA[drawings]]></wp:tag_name></wp:tag>
	<wp:tag><wp:term_id>6</wp:term_id><wp:tag_slug>paper</wp:tag_slug><wp:tag_name><![CDATA[paper]]></wp:tag_name></wp:tag>
	<wp:tag><wp:term_id>7</wp:term_id><wp:tag_slug>pen</wp:tag_slug><wp:tag_name><![CDATA[pen]]></wp:tag_name></wp:tag>
	<wp:tag><wp:term_id>8</wp:term_id><wp:tag_slug>shading</wp:tag_slug><wp:tag_name><![CDATA[shading]]></wp:tag_name></wp:tag>
	<wp:term><wp:term_id>9</wp:term_id><wp:term_taxonomy>filter</wp:term_taxonomy><wp:term_slug>animals</wp:term_slug><wp:term_parent></wp:term_parent><wp:term_name><![CDATA[Animals]]></wp:term_name></wp:term>
	<wp:term><wp:term_id>10</wp:term_id><wp:term_taxonomy>filter</wp:term_taxonomy><wp:term_slug>birds</wp:term_slug><wp:term_parent></wp:term_parent><wp:term_name><![CDATA[Birds]]></wp:term_name></wp:term>
	<wp:term><wp:term_id>11</wp:term_id><wp:term_taxonomy>filter</wp:term_taxonomy><wp:term_slug>nature</wp:term_slug><wp:term_parent></wp:term_parent><wp:term_name><![CDATA[Nature]]></wp:term_name></wp:term>
	<wp:term><wp:term_id>12</wp:term_id><wp:term_taxonomy>nav_menu</wp:term_taxonomy><wp:term_slug>navigation</wp:term_slug><wp:term_name><![CDATA[Navigation]]></wp:term_name></wp:term>

	<generator>http://wordpress.org/?v=3.5.2</generator>

	<item>
		<title>Sample Page</title>
		<link>http://localhost/wordpress_test/?page_id=2</link>
		<pubDate>Thu, 01 Aug 2013 18:27:33 +0000</pubDate>
		<dc:creator>admin</dc:creator>
		<guid isPermaLink="false">http://localhost/wordpress_test/?page_id=2</guid>
		<description></description>
		<content:encoded><![CDATA[This is an example page. It's different from a blog post because it will stay in one place and will show up in your site navigation (in most themes). Most people start with an About page that introduces them to potential site visitors. It might say something like this:

<blockquote>Hi there! I'm a bike messenger by day, aspiring actor by night, and this is my blog. I live in Los Angeles, have a great dog named Jack, and I like pi&#241;a coladas. (And gettin' caught in the rain.)</blockquote>

...or something like this:

<blockquote>The XYZ Doohickey Company was founded in 1971, and has been providing quality doohickeys to the public ever since. Located in Gotham City, XYZ employs over 2,000 people and does all kinds of awesome things for the Gotham community.</blockquote>

As a new WordPress user, you should go to <a href="http://localhost/wordpress_test/wp-admin/">your dashboard</a> to delete this page and create new pages for your content. Have fun!]]></content:encoded>
		<excerpt:encoded><![CDATA[]]></excerpt:encoded>
		<wp:post_id>2</wp:post_id>
		<wp:post_date>2013-08-01 18:27:33</wp:post_date>
		<wp:post_date_gmt>2013-08-01 18:27:33</wp:post_date_gmt>
		<wp:comment_status>open</wp:comment_status>
		<wp:ping_status>open</wp:ping_status>
		<wp:post_name>sample-page</wp:post_name>
		<wp:status>publish</wp:status>
		<wp:post_parent>0</wp:post_parent>
		<wp:menu_order>0</wp:menu_order>
		<wp:post_type>page</wp:post_type>
		<wp:post_password></wp:post_password>
		<wp:is_sticky>0</wp:is_sticky>
		<wp:postmeta>
			<wp:meta_key>_wp_page_template</wp:meta_key>
			<wp:meta_value><![CDATA[default]]></wp:meta_value>
		</wp:postmeta>
	</item>
	<item>
		<title>Media</title>
		<link>http://localhost/wordpress_test/?option-tree=media</link>
		<pubDate>Thu, 01 Aug 2013 18:30:38 +0000</pubDate>
		<dc:creator>admin</dc:creator>
		<guid isPermaLink="false">http://localhost/wordpress_test/?option-tree=media</guid>
		<description></description>
		<content:encoded><![CDATA[]]></content:encoded>
		<excerpt:encoded><![CDATA[]]></excerpt:encoded>
		<wp:post_id>6</wp:post_id>
		<wp:post_date>2013-08-01 18:30:38</wp:post_date>
		<wp:post_date_gmt>2013-08-01 18:30:38</wp:post_date_gmt>
		<wp:comment_status>closed</wp:comment_status>
		<wp:ping_status>closed</wp:ping_status>
		<wp:post_name>media</wp:post_name>
		<wp:status>private</wp:status>
		<wp:post_parent>0</wp:post_parent>
		<wp:menu_order>0</wp:menu_order>
		<wp:post_type>option-tree</wp:post_type>
		<wp:post_password></wp:post_password>
		<wp:is_sticky>0</wp:is_sticky>
	</item>
	<item>
		<title>Blog</title>
		<link>http://localhost/wordpress_test/?page_id=9</link>
		<pubDate>Thu, 25 Oct 2012 14:59:46 +0000</pubDate>
		<dc:creator>admin</dc:creator>
		<guid isPermaLink="false">http://localhost/penandpaper/?page_id=4</guid>
		<description></description>
		<content:encoded><![CDATA[]]></content:encoded>
		<excerpt:encoded><![CDATA[]]></excerpt:encoded>
		<wp:post_id>9</wp:post_id>
		<wp:post_date>2012-10-25 14:59:46</wp:post_date>
		<wp:post_date_gmt>2012-10-25 14:59:46</wp:post_date_gmt>
		<wp:comment_status>open</wp:comment_status>
		<wp:ping_status>open</wp:ping_status>
		<wp:post_name>blog</wp:post_name>
		<wp:status>publish</wp:status>
		<wp:post_parent>0</wp:post_parent>
		<wp:menu_order>0</wp:menu_order>
		<wp:post_type>page</wp:post_type>
		<wp:post_password></wp:post_password>
		<wp:is_sticky>0</wp:is_sticky>
		<wp:postmeta>
			<wp:meta_key>_edit_last</wp:meta_key>
			<wp:meta_value><![CDATA[1]]></wp:meta_value>
		</wp:postmeta>
		<wp:postmeta>
			<wp:meta_key>_wp_page_template</wp:meta_key>
			<wp:meta_value><![CDATA[default]]></wp:meta_value>
		</wp:postmeta>
	</item>
	<item>
		<title>Homepage</title>
		<link>http://localhost/wordpress_test/</link>
		<pubDate>Thu, 25 Oct 2012 14:59:56 +0000</pubDate>
		<dc:creator>admin</dc:creator>
		<guid isPermaLink="false">http://localhost/penandpaper/?page_id=6</guid>
		<description></description>
		<content:encoded><![CDATA[]]></content:encoded>
		<excerpt:encoded><![CDATA[]]></excerpt:encoded>
		<wp:post_id>10</wp:post_id>
		<wp:post_date>2012-10-25 14:59:56</wp:post_date>
		<wp:post_date_gmt>2012-10-25 14:59:56</wp:post_date_gmt>
		<wp:comment_status>open</wp:comment_status>
		<wp:ping_status>open</wp:ping_status>
		<wp:post_name>homepage</wp:post_name>
		<wp:status>publish</wp:status>
		<wp:post_parent>0</wp:post_parent>
		<wp:menu_order>0</wp:menu_order>
		<wp:post_type>page</wp:post_type>
		<wp:post_password></wp:post_password>
		<wp:is_sticky>0</wp:is_sticky>
		<wp:postmeta>
			<wp:meta_key>_edit_last</wp:meta_key>
			<wp:meta_value><![CDATA[1]]></wp:meta_value>
		</wp:postmeta>
		<wp:postmeta>
			<wp:meta_key>_wp_page_template</wp:meta_key>
			<wp:meta_value><![CDATA[homepage.php]]></wp:meta_value>
		</wp:postmeta>
	</item>
	<item>
		<title></title>
		<link>http://localhost/wordpress_test/?p=11</link>
		<pubDate>Thu, 01 Aug 2013 18:32:43 +0000</pubDate>
		<dc:creator>admin</dc:creator>
		<guid isPermaLink="false">http://localhost/wordpress_test/?p=11</guid>
		<description></description>
		<content:encoded><![CDATA[ ]]></content:encoded>
		<excerpt:encoded><![CDATA[]]></excerpt:encoded>
		<wp:post_id>11</wp:post_id>
		<wp:post_date>2013-08-01 18:32:43</wp:post_date>
		<wp:post_date_gmt>2013-08-01 18:32:43</wp:post_date_gmt>
		<wp:comment_status>open</wp:comment_status>
		<wp:ping_status>open</wp:ping_status>
		<wp:post_name>11</wp:post_name>
		<wp:status>publish</wp:status>
		<wp:post_parent>0</wp:post_parent>
		<wp:menu_order>5</wp:menu_order>
		<wp:post_type>nav_menu_item</wp:post_type>
		<wp:post_password></wp:post_password>
		<wp:is_sticky>0</wp:is_sticky>
		<category domain="nav_menu" nicename="navigation"><![CDATA[Navigation]]></category>
		<wp:postmeta>
			<wp:meta_key>_menu_item_type</wp:meta_key>
			<wp:meta_value><![CDATA[post_type]]></wp:meta_value>
		</wp:postmeta>
		<wp:postmeta>
			<wp:meta_key>_menu_item_menu_item_parent</wp:meta_key>
			<wp:meta_value><![CDATA[0]]></wp:meta_value>
		</wp:postmeta>
		<wp:postmeta>
			<wp:meta_key>_menu_item_object_id</wp:meta_key>
			<wp:meta_value><![CDATA[9]]></wp:meta_value>
		</wp:postmeta>
		<wp:postmeta>
			<wp:meta_key>_menu_item_object</wp:meta_key>
			<wp:meta_value><![CDATA[page]]></wp:meta_value>
		</wp:postmeta>
		<wp:postmeta>
			<wp:meta_key>_menu_item_target</wp:meta_key>
			<wp:meta_value><![CDATA[]]></wp:meta_value>
		</wp:postmeta>
		<wp:postmeta>
			<wp:meta_key>_menu_item_classes</wp:meta_key>
			<wp:meta_value><![CDATA[a:1:{i:0;s:0:"";}]]></wp:meta_value>
		</wp:postmeta>
		<wp:postmeta>
			<wp:meta_key>_menu_item_xfn</wp:meta_key>
			<wp:meta_value><![CDATA[]]></wp:meta_value>
		</wp:postmeta>
		<wp:postmeta>
			<wp:meta_key>_menu_item_url</wp:meta_key>
			<wp:meta_value><![CDATA[]]></wp:meta_value>
		</wp:postmeta>
	</item>
	<item>
		<title>Top</title>
		<link>http://localhost/wordpress_test/?p=12</link>
		<pubDate>Thu, 01 Aug 2013 18:32:44 +0000</pubDate>
		<dc:creator>admin</dc:creator>
		<guid isPermaLink="false">http://localhost/wordpress_test/?p=12</guid>
		<description></description>
		<content:encoded><![CDATA[]]></content:encoded>
		<excerpt:encoded><![CDATA[]]></excerpt:encoded>
		<wp:post_id>12</wp:post_id>
		<wp:post_date>2013-08-01 18:32:44</wp:post_date>
		<wp:post_date_gmt>2013-08-01 18:32:44</wp:post_date_gmt>
		<wp:comment_status>open</wp:comment_status>
		<wp:ping_status>open</wp:ping_status>
		<wp:post_name>top</wp:post_name>
		<wp:status>publish</wp:status>
		<wp:post_parent>0</wp:post_parent>
		<wp:menu_order>1</wp:menu_order>
		<wp:post_type>nav_menu_item</wp:post_type>
		<wp:post_password></wp:post_password>
		<wp:is_sticky>0</wp:is_sticky>
		<category domain="nav_menu" nicename="navigation"><![CDATA[Navigation]]></category>
		<wp:postmeta>
			<wp:meta_key>_menu_item_type</wp:meta_key>
			<wp:meta_value><![CDATA[custom]]></wp:meta_value>
		</wp:postmeta>
		<wp:postmeta>
			<wp:meta_key>_menu_item_menu_item_parent</wp:meta_key>
			<wp:meta_value><![CDATA[0]]></wp:meta_value>
		</wp:postmeta>
		<wp:postmeta>
			<wp:meta_key>_menu_item_object_id</wp:meta_key>
			<wp:meta_value><![CDATA[12]]></wp:meta_value>
		</wp:postmeta>
		<wp:postmeta>
			<wp:meta_key>_menu_item_object</wp:meta_key>
			<wp:meta_value><![CDATA[custom]]></wp:meta_value>
		</wp:postmeta>
		<wp:postmeta>
			<wp:meta_key>_menu_item_target</wp:meta_key>
			<wp:meta_value><![CDATA[]]></wp:meta_value>
		</wp:postmeta>
		<wp:postmeta>
			<wp:meta_key>_menu_item_classes</wp:meta_key>
			<wp:meta_value><![CDATA[a:1:{i:0;s:0:"";}]]></wp:meta_value>
		</wp:postmeta>
		<wp:postmeta>
			<wp:meta_key>_menu_item_xfn</wp:meta_key>
			<wp:meta_value><![CDATA[]]></wp:meta_value>
		</wp:postmeta>
		<wp:postmeta>
			<wp:meta_key>_menu_item_url</wp:meta_key>
			<wp:meta_value><![CDATA[#home]]></wp:meta_value>
		</wp:postmeta>
	</item>
	<item>
		<title>Contact</title>
		<link>http://localhost/wordpress_test/?p=13</link>
		<pubDate>Thu, 01 Aug 2013 18:32:45 +0000</pubDate>
		<dc:creator>admin</dc:creator>
		<guid isPermaLink="false">http://localhost/wordpress_test/?p=13</guid>
		<description></description>
		<content:encoded><![CDATA[]]></content:encoded>
		<excerpt:encoded><![CDATA[]]></excerpt:encoded>
		<wp:post_id>13</wp:post_id>
		<wp:post_date>2013-08-01 18:32:45</wp:post_date>
		<wp:post_date_gmt>2013-08-01 18:32:45</wp:post_date_gmt>
		<wp:comment_status>open</wp:comment_status>
		<wp:ping_status>open</wp:ping_status>
		<wp:post_name>contact</wp:post_name>
		<wp:status>publish</wp:status>
		<wp:post_parent>0</wp:post_parent>
		<wp:menu_order>4</wp:menu_order>
		<wp:post_type>nav_menu_item</wp:post_type>
		<wp:post_password></wp:post_password>
		<wp:is_sticky>0</wp:is_sticky>
		<category domain="nav_menu" nicename="navigation"><![CDATA[Navigation]]></category>
		<wp:postmeta>
			<wp:meta_key>_menu_item_type</wp:meta_key>
			<wp:meta_value><![CDATA[custom]]></wp:meta_value>
		</wp:postmeta>
		<wp:postmeta>
			<wp:meta_key>_menu_item_menu_item_parent</wp:meta_key>
			<wp:meta_value><![CDATA[0]]></wp:meta_value>
		</wp:postmeta>
		<wp:postmeta>
			<wp:meta_key>_menu_item_object_id</wp:meta_key>
			<wp:meta_value><![CDATA[13]]></wp:meta_value>
		</wp:postmeta>
		<wp:postmeta>
			<wp:meta_key>_menu_item_object</wp:meta_key>
			<wp:meta_value><![CDATA[custom]]></wp:meta_value>
		</wp:postmeta>
		<wp:postmeta>
			<wp:meta_key>_menu_item_target</wp:meta_key>
			<wp:meta_value><![CDATA[]]></wp:meta_value>
		</wp:postmeta>
		<wp:postmeta>
			<wp:meta_key>_menu_item_classes</wp:meta_key>
			<wp:meta_value><![CDATA[a:1:{i:0;s:0:"";}]]></wp:meta_value>
		</wp:postmeta>
		<wp:postmeta>
			<wp:meta_key>_menu_item_xfn</wp:meta_key>
			<wp:meta_value><![CDATA[]]></wp:meta_value>
		</wp:postmeta>
		<wp:postmeta>
			<wp:meta_key>_menu_item_url</wp:meta_key>
			<wp:meta_value><![CDATA[#contact]]></wp:meta_value>
		</wp:postmeta>
	</item>
	<item>
		<title>About</title>
		<link>http://localhost/wordpress_test/?p=14</link>
		<pubDate>Thu, 01 Aug 2013 18:32:45 +0000</pubDate>
		<dc:creator>admin</dc:creator>
		<guid isPermaLink="false">http://localhost/wordpress_test/?p=14</guid>
		<description></description>
		<content:encoded><![CDATA[]]></content:encoded>
		<excerpt:encoded><![CDATA[]]></excerpt:encoded>
		<wp:post_id>14</wp:post_id>
		<wp:post_date>2013-08-01 18:32:45</wp:post_date>
		<wp:post_date_gmt>2013-08-01 18:32:45</wp:post_date_gmt>
		<wp:comment_status>open</wp:comment_status>
		<wp:ping_status>open</wp:ping_status>
		<wp:post_name>about</wp:post_name>
		<wp:status>publish</wp:status>
		<wp:post_parent>0</wp:post_parent>
		<wp:menu_order>2</wp:menu_order>
		<wp:post_type>nav_menu_item</wp:post_type>
		<wp:post_password></wp:post_password>
		<wp:is_sticky>0</wp:is_sticky>
		<category domain="nav_menu" nicename="navigation"><![CDATA[Navigation]]></category>
		<wp:postmeta>
			<wp:meta_key>_menu_item_type</wp:meta_key>
			<wp:meta_value><![CDATA[custom]]></wp:meta_value>
		</wp:postmeta>
		<wp:postmeta>
			<wp:meta_key>_menu_item_menu_item_parent</wp:meta_key>
			<wp:meta_value><![CDATA[0]]></wp:meta_value>
		</wp:postmeta>
		<wp:postmeta>
			<wp:meta_key>_menu_item_object_id</wp:meta_key>
			<wp:meta_value><![CDATA[14]]></wp:meta_value>
		</wp:postmeta>
		<wp:postmeta>
			<wp:meta_key>_menu_item_object</wp:meta_key>
			<wp:meta_value><![CDATA[custom]]></wp:meta_value>
		</wp:postmeta>
		<wp:postmeta>
			<wp:meta_key>_menu_item_target</wp:meta_key>
			<wp:meta_value><![CDATA[]]></wp:meta_value>
		</wp:postmeta>
		<wp:postmeta>
			<wp:meta_key>_menu_item_classes</wp:meta_key>
			<wp:meta_value><![CDATA[a:1:{i:0;s:0:"";}]]></wp:meta_value>
		</wp:postmeta>
		<wp:postmeta>
			<wp:meta_key>_menu_item_xfn</wp:meta_key>
			<wp:meta_value><![CDATA[]]></wp:meta_value>
		</wp:postmeta>
		<wp:postmeta>
			<wp:meta_key>_menu_item_url</wp:meta_key>
			<wp:meta_value><![CDATA[#about]]></wp:meta_value>
		</wp:postmeta>
	</item>
	<item>
		<title>Portfolio</title>
		<link>http://localhost/wordpress_test/?p=15</link>
		<pubDate>Thu, 01 Aug 2013 18:32:46 +0000</pubDate>
		<dc:creator>admin</dc:creator>
		<guid isPermaLink="false">http://localhost/wordpress_test/?p=15</guid>
		<description></description>
		<content:encoded><![CDATA[]]></content:encoded>
		<excerpt:encoded><![CDATA[]]></excerpt:encoded>
		<wp:post_id>15</wp:post_id>
		<wp:post_date>2013-08-01 18:32:46</wp:post_date>
		<wp:post_date_gmt>2013-08-01 18:32:46</wp:post_date_gmt>
		<wp:comment_status>open</wp:comment_status>
		<wp:ping_status>open</wp:ping_status>
		<wp:post_name>portfolio</wp:post_name>
		<wp:status>publish</wp:status>
		<wp:post_parent>0</wp:post_parent>
		<wp:menu_order>3</wp:menu_order>
		<wp:post_type>nav_menu_item</wp:post_type>
		<wp:post_password></wp:post_password>
		<wp:is_sticky>0</wp:is_sticky>
		<category domain="nav_menu" nicename="navigation"><![CDATA[Navigation]]></category>
		<wp:postmeta>
			<wp:meta_key>_menu_item_type</wp:meta_key>
			<wp:meta_value><![CDATA[custom]]></wp:meta_value>
		</wp:postmeta>
		<wp:postmeta>
			<wp:meta_key>_menu_item_menu_item_parent</wp:meta_key>
			<wp:meta_value><![CDATA[0]]></wp:meta_value>
		</wp:postmeta>
		<wp:postmeta>
			<wp:meta_key>_menu_item_object_id</wp:meta_key>
			<wp:meta_value><![CDATA[15]]></wp:meta_value>
		</wp:postmeta>
		<wp:postmeta>
			<wp:meta_key>_menu_item_object</wp:meta_key>
			<wp:meta_value><![CDATA[custom]]></wp:meta_value>
		</wp:postmeta>
		<wp:postmeta>
			<wp:meta_key>_menu_item_target</wp:meta_key>
			<wp:meta_value><![CDATA[]]></wp:meta_value>
		</wp:postmeta>
		<wp:postmeta>
			<wp:meta_key>_menu_item_classes</wp:meta_key>
			<wp:meta_value><![CDATA[a:1:{i:0;s:0:"";}]]></wp:meta_value>
		</wp:postmeta>
		<wp:postmeta>
			<wp:meta_key>_menu_item_xfn</wp:meta_key>
			<wp:meta_value><![CDATA[]]></wp:meta_value>
		</wp:postmeta>
		<wp:postmeta>
			<wp:meta_key>_menu_item_url</wp:meta_key>
			<wp:meta_value><![CDATA[#portfolio]]></wp:meta_value>
		</wp:postmeta>
	</item>
	<item>
		<title>Jake</title>
		<link>http://localhost/wordpress_test/?author_type=jake</link>
		<pubDate>Fri, 09 Nov 2012 17:29:22 +0000</pubDate>
		<dc:creator>admin</dc:creator>
		<guid isPermaLink="false">http://localhost/penandpaper/?post_type=author_type&#038;p=51</guid>
		<description></description>
		<content:encoded><![CDATA[Etiam molestie turpis id magnama ttis sollicitudin. Quisque pharetra suscipit arcu, ac tempor velit iaculis sit amet vivamus id adipiscing nunc. Curabitur sit amet.

In hac habitasse platea dictumst. Integer lobortis, neque et faucibus dapibus, metus tortor cursus justo, egestas lobortis nunc ipsum <a href="#">molestie mauris</a>. In hac habitasse platea dictumst. Duis mauris mauris, ornare nec tempor.

Quisque dignissim ante sit amet erat mattis nec lacinia augue commodo. Class aptent taciti sociosqu ad litora torquent per conubia nostra, per inceptos himenaeos.
<ul>
	<li>[icon name=icon-ok] Sorem ipsum dolor sit amet</li>
	<li><em></em>[icon name=icon-ok] Conse ctetur adipiscing elit</li>
	<li><em></em>[icon name=icon-ok] Aliquam et lobortis mauris</li>
</ul>]]></content:encoded>
		<excerpt:encoded><![CDATA[]]></excerpt:encoded>
		<wp:post_id>51</wp:post_id>
		<wp:post_date>2012-11-09 17:29:22</wp:post_date>
		<wp:post_date_gmt>2012-11-09 17:29:22</wp:post_date_gmt>
		<wp:comment_status>closed</wp:comment_status>
		<wp:ping_status>closed</wp:ping_status>
		<wp:post_name>jake</wp:post_name>
		<wp:status>publish</wp:status>
		<wp:post_parent>0</wp:post_parent>
		<wp:menu_order>0</wp:menu_order>
		<wp:post_type>author_type</wp:post_type>
		<wp:post_password></wp:post_password>
		<wp:is_sticky>0</wp:is_sticky>
		<wp:postmeta>
			<wp:meta_key>_edit_last</wp:meta_key>
			<wp:meta_value><![CDATA[1]]></wp:meta_value>
		</wp:postmeta>
		<wp:postmeta>
			<wp:meta_key>authors_caption_meta</wp:meta_key>
			<wp:meta_value><![CDATA[Etiam molestie turpis magna]]></wp:meta_value>
		</wp:postmeta>
	</item>
	<item>
		<title>Janice</title>
		<link>http://localhost/wordpress_test/?author_type=janice</link>
		<pubDate>Fri, 09 Nov 2012 17:42:32 +0000</pubDate>
		<dc:creator>admin</dc:creator>
		<guid isPermaLink="false">http://localhost/penandpaper/?post_type=author_type&#038;p=54</guid>
		<description></description>
		<content:encoded><![CDATA[Etiam molestie turpis id magnama ttis sollicitudin. Quisque pharetra suscipit arcu, ac tempor velit iaculis sit amet vivamus id adipiscing nunc. Curabitur sit amet.

In hac habitasse platea dictumst. Integer lobortis, neque et faucibus dapibus, metus tortor cursus justo, egestas lobortis nunc ipsum <a href="#">molestie mauris</a>. In hac habitasse platea dictumst. Duis mauris mauris, ornare nec tempor.

Quisque dignissim ante sit amet erat mattis nec lacinia augue commodo. Class aptent taciti sociosqu ad litora torquent per conubia nostra, per inceptos himenaeos.
<ul>
	<li>[icon name=icon-ok] Sorem ipsum dolor sit amet</li>
	<li><em></em>[icon name=icon-ok] Conse ctetur adipiscing elit</li>
	<li><em></em>[icon name=icon-ok] Aliquam et lobortis mauris</li>
</ul>]]></content:encoded>
		<excerpt:encoded><![CDATA[]]></excerpt:encoded>
		<wp:post_id>54</wp:post_id>
		<wp:post_date>2012-11-09 17:42:32</wp:post_date>
		<wp:post_date_gmt>2012-11-09 17:42:32</wp:post_date_gmt>
		<wp:comment_status>closed</wp:comment_status>
		<wp:ping_status>closed</wp:ping_status>
		<wp:post_name>janice</wp:post_name>
		<wp:status>publish</wp:status>
		<wp:post_parent>0</wp:post_parent>
		<wp:menu_order>0</wp:menu_order>
		<wp:post_type>author_type</wp:post_type>
		<wp:post_password></wp:post_password>
		<wp:is_sticky>0</wp:is_sticky>
		<wp:postmeta>
			<wp:meta_key>_edit_last</wp:meta_key>
			<wp:meta_value><![CDATA[1]]></wp:meta_value>
		</wp:postmeta>
		<wp:postmeta>
			<wp:meta_key>authors_caption_meta</wp:meta_key>
			<wp:meta_value><![CDATA[Etiam molestie turpis magna]]></wp:meta_value>
		</wp:postmeta>
	</item>
	<item>
		<title>Suzan</title>
		<link>http://localhost/wordpress_test/?author_type=suzan</link>
		<pubDate>Fri, 09 Nov 2012 18:02:32 +0000</pubDate>
		<dc:creator>admin</dc:creator>
		<guid isPermaLink="false">http://localhost/penandpaper/?post_type=author_type&#038;p=56</guid>
		<description></description>
		<content:encoded><![CDATA[Etiam molestie turpis id magnama ttis sollicitudin. Quisque pharetra suscipit arcu, ac tempor velit iaculis sit amet vivamus id adipiscing nunc. Curabitur sit amet.

In hac habitasse platea dictumst. Integer lobortis, neque et faucibus dapibus, metus tortor cursus justo, egestas lobortis nunc ipsum <a href="#">molestie mauris</a>. In hac habitasse platea dictumst. Duis mauris mauris, ornare nec tempor.

Quisque dignissim ante sit amet erat mattis nec lacinia augue commodo. Class aptent taciti sociosqu ad litora torquent per conubia nostra, per inceptos himenaeos.
<ul>
	<li>[icon name=icon-ok] Sorem ipsum dolor sit amet</li>
	<li>[icon name=icon-ok] Conse ctetur adipiscing elit</li>
	<li>[icon name=icon-ok] Aliquam et lobortis mauris</li>
</ul>]]></content:encoded>
		<excerpt:encoded><![CDATA[]]></excerpt:encoded>
		<wp:post_id>56</wp:post_id>
		<wp:post_date>2012-11-09 18:02:32</wp:post_date>
		<wp:post_date_gmt>2012-11-09 18:02:32</wp:post_date_gmt>
		<wp:comment_status>closed</wp:comment_status>
		<wp:ping_status>closed</wp:ping_status>
		<wp:post_name>suzan</wp:post_name>
		<wp:status>publish</wp:status>
		<wp:post_parent>0</wp:post_parent>
		<wp:menu_order>0</wp:menu_order>
		<wp:post_type>author_type</wp:post_type>
		<wp:post_password></wp:post_password>
		<wp:is_sticky>0</wp:is_sticky>
		<wp:postmeta>
			<wp:meta_key>_edit_last</wp:meta_key>
			<wp:meta_value><![CDATA[1]]></wp:meta_value>
		</wp:postmeta>
		<wp:postmeta>
			<wp:meta_key>authors_caption_meta</wp:meta_key>
			<wp:meta_value><![CDATA[Etiam molestie turpis magna]]></wp:meta_value>
		</wp:postmeta>
	</item>
	<item>
		<title>Media</title>
		<link>http://localhost/wordpress_test/?option-tree=media-2</link>
		<pubDate>Thu, 15 Nov 2012 16:24:53 +0000</pubDate>
		<dc:creator>admin</dc:creator>
		<guid isPermaLink="false">http://localhost/penandpaper/?option-tree=media</guid>
		<description></description>
		<content:encoded><![CDATA[]]></content:encoded>
		<excerpt:encoded><![CDATA[]]></excerpt:encoded>
		<wp:post_id>64</wp:post_id>
		<wp:post_date>2012-11-15 16:24:53</wp:post_date>
		<wp:post_date_gmt>2012-11-15 16:24:53</wp:post_date_gmt>
		<wp:comment_status>closed</wp:comment_status>
		<wp:ping_status>closed</wp:ping_status>
		<wp:post_name>media-2</wp:post_name>
		<wp:status>private</wp:status>
		<wp:post_parent>0</wp:post_parent>
		<wp:menu_order>0</wp:menu_order>
		<wp:post_type>option-tree</wp:post_type>
		<wp:post_password></wp:post_password>
		<wp:is_sticky>0</wp:is_sticky>
	</item>
	<item>
		<title>Montifringilla blanfordi</title>
		<link>http://localhost/wordpress_test/?portfolio_type=montifringilla-blanfordi</link>
		<pubDate>Mon, 03 Dec 2012 17:42:22 +0000</pubDate>
		<dc:creator>admin</dc:creator>
		<guid isPermaLink="false">http://localhost/penandpaper/?post_type=portfolio_type&#038;p=123</guid>
		<description></description>
		<content:encoded><![CDATA[]]></content:encoded>
		<excerpt:encoded><![CDATA[]]></excerpt:encoded>
		<wp:post_id>123</wp:post_id>
		<wp:post_date>2012-12-03 17:42:22</wp:post_date>
		<wp:post_date_gmt>2012-12-03 17:42:22</wp:post_date_gmt>
		<wp:comment_status>closed</wp:comment_status>
		<wp:ping_status>closed</wp:ping_status>
		<wp:post_name>montifringilla-blanfordi</wp:post_name>
		<wp:status>publish</wp:status>
		<wp:post_parent>0</wp:post_parent>
		<wp:menu_order>0</wp:menu_order>
		<wp:post_type>portfolio_type</wp:post_type>
		<wp:post_password></wp:post_password>
		<wp:is_sticky>0</wp:is_sticky>
		<category domain="filter" nicename="birds"><![CDATA[Birds]]></category>
		<wp:postmeta>
			<wp:meta_key>_edit_last</wp:meta_key>
			<wp:meta_value><![CDATA[1]]></wp:meta_value>
		</wp:postmeta>
		<wp:postmeta>
			<wp:meta_key>portfolio_caption_meta</wp:meta_key>
			<wp:meta_value><![CDATA[Sorem ipsum dolor sit amet, conse ctetur adipiscing elit.]]></wp:meta_value>
		</wp:postmeta>
	</item>
	<item>
		<title>Chrysomitris thibetana</title>
		<link>http://localhost/wordpress_test/?portfolio_type=chrysomitris-thibetana</link>
		<pubDate>Mon, 03 Dec 2012 17:43:41 +0000</pubDate>
		<dc:creator>admin</dc:creator>
		<guid isPermaLink="false">http://localhost/penandpaper/?post_type=portfolio_type&#038;p=124</guid>
		<description></description>
		<content:encoded><![CDATA[]]></content:encoded>
		<excerpt:encoded><![CDATA[]]></excerpt:encoded>
		<wp:post_id>124</wp:post_id>
		<wp:post_date>2012-12-03 17:43:41</wp:post_date>
		<wp:post_date_gmt>2012-12-03 17:43:41</wp:post_date_gmt>
		<wp:comment_status>closed</wp:comment_status>
		<wp:ping_status>closed</wp:ping_status>
		<wp:post_name>chrysomitris-thibetana</wp:post_name>
		<wp:status>publish</wp:status>
		<wp:post_parent>0</wp:post_parent>
		<wp:menu_order>0</wp:menu_order>
		<wp:post_type>portfolio_type</wp:post_type>
		<wp:post_password></wp:post_password>
		<wp:is_sticky>0</wp:is_sticky>
		<category domain="filter" nicename="nature"><![CDATA[Nature]]></category>
		<wp:postmeta>
			<wp:meta_key>_edit_last</wp:meta_key>
			<wp:meta_value><![CDATA[1]]></wp:meta_value>
		</wp:postmeta>
		<wp:postmeta>
			<wp:meta_key>portfolio_caption_meta</wp:meta_key>
			<wp:meta_value><![CDATA[Sorem ipsum dolor sit amet, conse ctetur adipiscing elit.]]></wp:meta_value>
		</wp:postmeta>
	</item>
	<item>
		<title>Carpodacus ambiguus</title>
		<link>http://localhost/wordpress_test/?portfolio_type=carpodacus-ambiguus</link>
		<pubDate>Mon, 03 Dec 2012 17:44:39 +0000</pubDate>
		<dc:creator>admin</dc:creator>
		<guid isPermaLink="false">http://localhost/penandpaper/?post_type=portfolio_type&#038;p=125</guid>
		<description></description>
		<content:encoded><![CDATA[]]></content:encoded>
		<excerpt:encoded><![CDATA[]]></excerpt:encoded>
		<wp:post_id>125</wp:post_id>
		<wp:post_date>2012-12-03 17:44:39</wp:post_date>
		<wp:post_date_gmt>2012-12-03 17:44:39</wp:post_date_gmt>
		<wp:comment_status>closed</wp:comment_status>
		<wp:ping_status>closed</wp:ping_status>
		<wp:post_name>carpodacus-ambiguus</wp:post_name>
		<wp:status>publish</wp:status>
		<wp:post_parent>0</wp:post_parent>
		<wp:menu_order>0</wp:menu_order>
		<wp:post_type>portfolio_type</wp:post_type>
		<wp:post_password></wp:post_password>
		<wp:is_sticky>0</wp:is_sticky>
		<category domain="filter" nicename="birds"><![CDATA[Birds]]></category>
		<wp:postmeta>
			<wp:meta_key>_edit_last</wp:meta_key>
			<wp:meta_value><![CDATA[1]]></wp:meta_value>
		</wp:postmeta>
		<wp:postmeta>
			<wp:meta_key>portfolio_caption_meta</wp:meta_key>
			<wp:meta_value><![CDATA[Sorem ipsum dolor sit amet, conse ctetur adipiscing elit.]]></wp:meta_value>
		</wp:postmeta>
	</item>
	<item>
		<title>Emberiza godlewski</title>
		<link>http://localhost/wordpress_test/?portfolio_type=emberiza-godlewski</link>
		<pubDate>Mon, 03 Dec 2012 17:45:14 +0000</pubDate>
		<dc:creator>admin</dc:creator>
		<guid isPermaLink="false">http://localhost/penandpaper/?post_type=portfolio_type&#038;p=126</guid>
		<description></description>
		<content:encoded><![CDATA[]]></content:encoded>
		<excerpt:encoded><![CDATA[]]></excerpt:encoded>
		<wp:post_id>126</wp:post_id>
		<wp:post_date>2012-12-03 17:45:14</wp:post_date>
		<wp:post_date_gmt>2012-12-03 17:45:14</wp:post_date_gmt>
		<wp:comment_status>closed</wp:comment_status>
		<wp:ping_status>closed</wp:ping_status>
		<wp:post_name>emberiza-godlewski</wp:post_name>
		<wp:status>publish</wp:status>
		<wp:post_parent>0</wp:post_parent>
		<wp:menu_order>0</wp:menu_order>
		<wp:post_type>portfolio_type</wp:post_type>
		<wp:post_password></wp:post_password>
		<wp:is_sticky>0</wp:is_sticky>
		<category domain="filter" nicename="nature"><![CDATA[Nature]]></category>
		<wp:postmeta>
			<wp:meta_key>_edit_last</wp:meta_key>
			<wp:meta_value><![CDATA[1]]></wp:meta_value>
		</wp:postmeta>
		<wp:postmeta>
			<wp:meta_key>portfolio_caption_meta</wp:meta_key>
			<wp:meta_value><![CDATA[Sorem ipsum dolor sit amet, conse ctetur adipiscing elit.]]></wp:meta_value>
		</wp:postmeta>
	</item>
	<item>
		<title>Rhodospingus</title>
		<link>http://localhost/wordpress_test/?portfolio_type=rhodospingus</link>
		<pubDate>Mon, 03 Dec 2012 17:47:04 +0000</pubDate>
		<dc:creator>admin</dc:creator>
		<guid isPermaLink="false">http://localhost/penandpaper/?post_type=portfolio_type&#038;p=127</guid>
		<description></description>
		<content:encoded><![CDATA[]]></content:encoded>
		<excerpt:encoded><![CDATA[]]></excerpt:encoded>
		<wp:post_id>127</wp:post_id>
		<wp:post_date>2012-12-03 17:47:04</wp:post_date>
		<wp:post_date_gmt>2012-12-03 17:47:04</wp:post_date_gmt>
		<wp:comment_status>closed</wp:comment_status>
		<wp:ping_status>closed</wp:ping_status>
		<wp:post_name>rhodospingus</wp:post_name>
		<wp:status>publish</wp:status>
		<wp:post_parent>0</wp:post_parent>
		<wp:menu_order>0</wp:menu_order>
		<wp:post_type>portfolio_type</wp:post_type>
		<wp:post_password></wp:post_password>
		<wp:is_sticky>0</wp:is_sticky>
		<category domain="filter" nicename="animals"><![CDATA[Animals]]></category>
		<wp:postmeta>
			<wp:meta_key>_edit_last</wp:meta_key>
			<wp:meta_value><![CDATA[1]]></wp:meta_value>
		</wp:postmeta>
		<wp:postmeta>
			<wp:meta_key>portfolio_caption_meta</wp:meta_key>
			<wp:meta_value><![CDATA[Sorem ipsum dolor sit amet, conse ctetur adipiscing elit.]]></wp:meta_value>
		</wp:postmeta>
	</item>
	<item>
		<title>Styles</title>
		<link>http://localhost/wordpress_test/?page_id=150</link>
		<pubDate>Wed, 05 Dec 2012 14:19:53 +0000</pubDate>
		<dc:creator>admin</dc:creator>
		<guid isPermaLink="false">http://localhost/penandpaper/?page_id=150</guid>
		<description></description>
		<content:encoded><![CDATA[<hgroup>
<h1>Icons font</h1>
<h2 class="curly_brackets"><span>A few examples of using icons font.</span></h2>
</hgroup>[separator]

[one_third]
<h3>Star list</h3>
<ul>
	<li>[icon name=icon-star] Lorem ipsum dolor sit amet</li>
	<li>[icon name=icon-star] Mauris feugiat elit ac risus</li>
	<li>[icon name=icon-star] Proin imperdiet neque arcu</li>
</ul>
[/one_third]

[one_third]
<h3>Exclamation list</h3>
<ul>
	<li>[icon name=icon-exclamation-sign] Lorem ipsum dolor sit amet</li>
	<li>[icon name=icon-exclamation-sign] Mauris feugiat elit ac risus</li>
	<li>[icon name=icon-exclamation-sign] Proin imperdiet neque arcu</li>
</ul>
[/one_third]

[one_third]
<h3>Check list</h3>
<ul>
	<li>[icon name=icon-ok] Lorem ipsum dolor sit amet</li>
	<li>[icon name=icon-ok] Mauris feugiat elit ac risus</li>
	<li>[icon name=icon-ok] Proin imperdiet neque arcu</li>
</ul>
[/one_third]

[space]

<hgroup>
<h1>Headings</h1>
<h2 class="curly_brackets"><span>From h1 to h6</span></h2>
</hgroup>[separator]

[one_third]
<h1>Heading 1</h1>
Integer et velit eu dolor ornare vene natis non scelerisque velit. Curabi tu r vitae tellus nibh, ac convallis nisi.[/one_third]

[one_third]
<h2>Heading 2</h2>
Integer et velit eu dolor ornare vene natis non scelerisque velit. Curabi tu r vitae tellus nibh, ac convallis nisi.[/one_third]

[one_third]
<h3>Heading 3</h3>
Integer et velit eu dolor ornare vene natis non scelerisque velit. Curabi tu r vitae tellus nibh, ac convallis nisi.[/one_third]

[clear]

[one_third]
<h4>Heading 4</h4>
Integer et velit eu dolor ornare vene natis non scelerisque velit. Curabi tu r vitae tellus nibh, ac convallis nisi.[/one_third]

[one_third]
<h5>Heading 5</h5>
Integer et velit eu dolor ornare vene natis non scelerisque velit. Curabi tu r vitae tellus nibh, ac convallis nisi.[/one_third]

[one_third]
<h6>Heading 6</h6>
Integer et velit eu dolor ornare vene natis non scelerisque velit. Curabi tu r vitae tellus nibh, ac convallis nisi.[/one_third]

[space]

<hgroup>
<h1>Tables</h1>
<h2 class="curly_brackets"><span>Show your tabular data with style</span></h2>
</hgroup>

[separator]

[one_half]
<h3>Vertical table</h3>
<table>
<tbody>
<tr>
<th>Heading</th>
<th>Heading 2</th>
<th>Heading 3</th>
</tr>
<tr>
<td>row 1, cell 1</td>
<td>row 1, cell 2</td>
<td>row 1, cell 3</td>
</tr>
<tr>
<td>row 2, cell 1</td>
<td>row 2, cell 2</td>
<td>row 2, cell 1</td>
</tr>
<tr>
<td>row 3, cell 1</td>
<td>row 3, cell 2</td>
<td>row 3, cell 3</td>
</tr>
</tbody>
</table>
[/one_half]

[one_half]
<h3>Horizontal table</h3>
<table>
<tbody>
<tr>
<th>Heading</th>
<td>row 1, cell 1</td>
<td>row 1, cell 2</td>
<td>row 1, cell 3</td>
</tr>
<tr>
<th>Heading 2</th>
<td>row 2, cell 1</td>
<td>row 2, cell 2</td>
<td>row 2, cell 3</td>
</tr>
<tr>
<th>Heading 3</th>
<td>row 3, cell 1</td>
<td>row 3, cell 2</td>
<td>row 3, cell 3</td>
</tr>
</tbody>
</table>
[/one_half]

[space]

<hgroup>
<h1>Other stuff</h1>
<h2 class="curly_brackets"><span>Blockquotes, marks, buttons, images &amp; tooltips</span></h2>
</hgroup>[separator]

[one_half]
<h3>Blockquote</h3>
<blockquote>Class aptent taciti sociosqu ad litora torquent per Sorem ipsum dolor sit amet conubia nostra, per nec lacinia augue commodo!</blockquote>
[/one_half]

[one_half]
<h3>Mark</h3>
Integer et ornare quisque pharetra suscipit arcu, <mark>curabitur vitae tellus nibh, ac tempor velit iaculis</mark>.[/one_half]

[space]

[one_third]
<h3>Styled image</h3>
[caption id="" align="alignleft" width="272"]<img class="styled" title="Pen and Paper" src="http://placehold.it/272x135&amp;text=P+and+P" alt="" width="272" height="135" /> Le Caption![/caption]

[/one_third]

[one_third]
<h3>Tooltips</h3>
Be a lamb and hover <a class="tooltip" title="Something catchy!" href="#">this link</a> to show the tooltip! Quisque pharetra suscipit arcu, ac tempor velit iaculis.[/one_third]

[one_third]
<h3>Simple button</h3>
Integer et velit eu dolor ornare vene, etiam molestie turpis id magnama.

[button link="#" align="right"]Button[/button][/one_third]]]></content:encoded>
		<excerpt:encoded><![CDATA[]]></excerpt:encoded>
		<wp:post_id>150</wp:post_id>
		<wp:post_date>2012-12-05 14:19:53</wp:post_date>
		<wp:post_date_gmt>2012-12-05 14:19:53</wp:post_date_gmt>
		<wp:comment_status>open</wp:comment_status>
		<wp:ping_status>closed</wp:ping_status>
		<wp:post_name>shortcodes</wp:post_name>
		<wp:status>publish</wp:status>
		<wp:post_parent>0</wp:post_parent>
		<wp:menu_order>0</wp:menu_order>
		<wp:post_type>page</wp:post_type>
		<wp:post_password></wp:post_password>
		<wp:is_sticky>0</wp:is_sticky>
		<wp:postmeta>
			<wp:meta_key>_edit_last</wp:meta_key>
			<wp:meta_value><![CDATA[1]]></wp:meta_value>
		</wp:postmeta>
		<wp:postmeta>
			<wp:meta_key>_wp_page_template</wp:meta_key>
			<wp:meta_value><![CDATA[default]]></wp:meta_value>
		</wp:postmeta>
	</item>
	<item>
		<title></title>
		<link>http://localhost/wordpress_test/?p=151</link>
		<pubDate>Thu, 01 Aug 2013 18:32:49 +0000</pubDate>
		<dc:creator>admin</dc:creator>
		<guid isPermaLink="false">http://localhost/wordpress_test/?p=151</guid>
		<description></description>
		<content:encoded><![CDATA[ ]]></content:encoded>
		<excerpt:encoded><![CDATA[]]></excerpt:encoded>
		<wp:post_id>151</wp:post_id>
		<wp:post_date>2013-08-01 18:32:49</wp:post_date>
		<wp:post_date_gmt>2013-08-01 18:32:49</wp:post_date_gmt>
		<wp:comment_status>open</wp:comment_status>
		<wp:ping_status>open</wp:ping_status>
		<wp:post_name>151</wp:post_name>
		<wp:status>publish</wp:status>
		<wp:post_parent>0</wp:post_parent>
		<wp:menu_order>6</wp:menu_order>
		<wp:post_type>nav_menu_item</wp:post_type>
		<wp:post_password></wp:post_password>
		<wp:is_sticky>0</wp:is_sticky>
		<category domain="nav_menu" nicename="navigation"><![CDATA[Navigation]]></category>
		<wp:postmeta>
			<wp:meta_key>_menu_item_type</wp:meta_key>
			<wp:meta_value><![CDATA[post_type]]></wp:meta_value>
		</wp:postmeta>
		<wp:postmeta>
			<wp:meta_key>_menu_item_menu_item_parent</wp:meta_key>
			<wp:meta_value><![CDATA[0]]></wp:meta_value>
		</wp:postmeta>
		<wp:postmeta>
			<wp:meta_key>_menu_item_object_id</wp:meta_key>
			<wp:meta_value><![CDATA[150]]></wp:meta_value>
		</wp:postmeta>
		<wp:postmeta>
			<wp:meta_key>_menu_item_object</wp:meta_key>
			<wp:meta_value><![CDATA[page]]></wp:meta_value>
		</wp:postmeta>
		<wp:postmeta>
			<wp:meta_key>_menu_item_target</wp:meta_key>
			<wp:meta_value><![CDATA[]]></wp:meta_value>
		</wp:postmeta>
		<wp:postmeta>
			<wp:meta_key>_menu_item_classes</wp:meta_key>
			<wp:meta_value><![CDATA[a:1:{i:0;s:0:"";}]]></wp:meta_value>
		</wp:postmeta>
		<wp:postmeta>
			<wp:meta_key>_menu_item_xfn</wp:meta_key>
			<wp:meta_value><![CDATA[]]></wp:meta_value>
		</wp:postmeta>
		<wp:postmeta>
			<wp:meta_key>_menu_item_url</wp:meta_key>
			<wp:meta_value><![CDATA[]]></wp:meta_value>
		</wp:postmeta>
	</item>
	<item>
		<title>Home</title>
		<link>http://localhost/wordpress_test/?sections=home</link>
		<pubDate>Fri, 26 Oct 2012 17:25:48 +0000</pubDate>
		<dc:creator>admin</dc:creator>
		<guid isPermaLink="false">http://localhost/penandpaper/?post_type=sections&#038;p=21</guid>
		<description></description>
		<content:encoded><![CDATA[[flexslider category=""]

[one_half]

In hac habitasse platea dictumst. Integer lobortis, neque et faucibus dapibus, metus <a href="#">tortor cursus</a> justo.

Duis consequat, vitae lectus turpis lorem in lacinia, duis mauris mauris, ornare nec tempor.

[/one_half]

[one_half]

Etiam molestie turpis id magnama ttis sollicitudin. Quisque pharetra suscipit arcu, ac tempor velit iaculis sit amet.

Vestibulum lobortis nunc <a href="#">adipiscing nunc</a>, curabi amet...

[/one_half]]]></content:encoded>
		<excerpt:encoded><![CDATA[]]></excerpt:encoded>
		<wp:post_id>21</wp:post_id>
		<wp:post_date>2012-10-26 17:25:48</wp:post_date>
		<wp:post_date_gmt>2012-10-26 17:25:48</wp:post_date_gmt>
		<wp:comment_status>closed</wp:comment_status>
		<wp:ping_status>closed</wp:ping_status>
		<wp:post_name>home</wp:post_name>
		<wp:status>publish</wp:status>
		<wp:post_parent>0</wp:post_parent>
		<wp:menu_order>0</wp:menu_order>
		<wp:post_type>sections</wp:post_type>
		<wp:post_password></wp:post_password>
		<wp:is_sticky>0</wp:is_sticky>
		<wp:postmeta>
			<wp:meta_key>_edit_last</wp:meta_key>
			<wp:meta_value><![CDATA[1]]></wp:meta_value>
		</wp:postmeta>
		<wp:postmeta>
			<wp:meta_key>pp_home_bg_meta</wp:meta_key>
			<wp:meta_value><![CDATA[a:5:{s:16:"background-color";s:0:"";s:17:"background-repeat";s:0:"";s:21:"background-attachment";s:0:"";s:19:"background-position";s:0:"";s:16:"background-image";s:0:"";}]]></wp:meta_value>
		</wp:postmeta>
		<wp:postmeta>
			<wp:meta_key>pp_home_bg_ratio_meta</wp:meta_key>
			<wp:meta_value><![CDATA[1]]></wp:meta_value>
		</wp:postmeta>
		<wp:postmeta>
			<wp:meta_key>pp_home_proba_meta</wp:meta_key>
			<wp:meta_value><![CDATA[0.5]]></wp:meta_value>
		</wp:postmeta>
		<wp:postmeta>
			<wp:meta_key>home_bg_repeat_meta</wp:meta_key>
			<wp:meta_value><![CDATA[repeat]]></wp:meta_value>
		</wp:postmeta>
		<wp:postmeta>
			<wp:meta_key>home_title_meta</wp:meta_key>
			<wp:meta_value><![CDATA[Welcome Visitor...]]></wp:meta_value>
		</wp:postmeta>
		<wp:postmeta>
			<wp:meta_key>home_subtitle_meta</wp:meta_key>
			<wp:meta_value><![CDATA[We make drawings with love! &nbsp; <i class="icon-pencil"></i> + <i class="icon-heart-empty"></i>]]></wp:meta_value>
		</wp:postmeta>
		<wp:postmeta>
			<wp:meta_key>home_bg_ratio_meta</wp:meta_key>
			<wp:meta_value><![CDATA[0.0]]></wp:meta_value>
		</wp:postmeta>
	</item>
	<item>
		<title>Sample contact form</title>
		<link>http://localhost/wordpress_test/?post_type=wpcf7_contact_form&#038;p=33</link>
		<pubDate>Sat, 03 Nov 2012 14:52:37 +0000</pubDate>
		<dc:creator>admin</dc:creator>
		<guid isPermaLink="false">http://localhost/penandpaper/?post_type=wpcf7_contact_form&#038;p=33</guid>
		<description></description>
		<content:encoded><![CDATA[<div class="eight columns">
<p>Name: *<br />
[text* your-name] </p>

<p>Email: *<br />
    [email* your-email] </p>

<p>Subject:<br />
    [text your-subject] </p>
</div>

<div class="eight columns">
<p>What's on your mind? *<br />
    [textarea your-message] </p>
</div>

<p>[submit "Submit!"]</p>
[your-subject]
[your-name] <[your-email]>
From: [your-name] <[your-email]>
Subject: [your-subject]

Message Body:
[your-message]

--
This mail is sent via contact form on Your site name





[your-subject]
[your-name] <[your-email]>
Message body:
[your-message]

--
This mail is sent via contact form on Pen and Paper WP http://localhost/penandpaper
[your-email]



Your message was sent successfully. Thanks.
Failed to send your message. Please try later or contact the administrator by another method.
Validation errors occurred. Please confirm the fields and submit it again.
Failed to send your message. Please try later or contact the administrator by another method.
Please accept the terms to proceed.
Email address seems invalid.
Please fill the required field.
Your entered code is incorrect.
Failed to upload file.
This file type is not allowed.
This file is too large.
Failed to upload file. Error occurred.
Your answer is not correct.
Date format seems invalid.
This date is too early.
This date is too late.
Number format seems invalid.
This number is too small.
This number is too large.
URL seems invalid.
Telephone number seems invalid.]]></content:encoded>
		<excerpt:encoded><![CDATA[]]></excerpt:encoded>
		<wp:post_id>33</wp:post_id>
		<wp:post_date>2012-11-03 14:52:37</wp:post_date>
		<wp:post_date_gmt>2012-11-03 14:52:37</wp:post_date_gmt>
		<wp:comment_status>open</wp:comment_status>
		<wp:ping_status>open</wp:ping_status>
		<wp:post_name>contact-form-1-2</wp:post_name>
		<wp:status>publish</wp:status>
		<wp:post_parent>0</wp:post_parent>
		<wp:menu_order>0</wp:menu_order>
		<wp:post_type>wpcf7_contact_form</wp:post_type>
		<wp:post_password></wp:post_password>
		<wp:is_sticky>0</wp:is_sticky>
		<wp:postmeta>
			<wp:meta_key>_form</wp:meta_key>
			<wp:meta_value><![CDATA[<div class="eight columns">
<p>Name: *<br />
[text* your-name] </p>

<p>Email: *<br />
    [email* your-email] </p>

<p>Subject:<br />
    [text your-subject] </p>
</div>

<div class="eight columns">
<p>What's on your mind? *<br />
    [textarea your-message] </p>
</div>

<p>[submit "Submit!"]</p>]]></wp:meta_value>
		</wp:postmeta>
		<wp:postmeta>
			<wp:meta_key>_mail</wp:meta_key>
			<wp:meta_value><![CDATA[a:7:{s:7:"subject";s:14:"[your-subject]";s:6:"sender";s:26:"[your-name] <[your-email]>";s:4:"body";s:143:"From: [your-name] <[your-email]>
Subject: [your-subject]

Message Body:
[your-message]

--
This mail is sent via contact form on Your site name";s:9:"recipient";s:0:"";s:18:"additional_headers";s:0:"";s:11:"attachments";s:0:"";s:8:"use_html";b:0;}]]></wp:meta_value>
		</wp:postmeta>
		<wp:postmeta>
			<wp:meta_key>_mail_2</wp:meta_key>
			<wp:meta_value><![CDATA[a:8:{s:6:"active";b:0;s:7:"subject";s:14:"[your-subject]";s:6:"sender";s:26:"[your-name] <[your-email]>";s:4:"body";s:116:"Message body:
[your-message]

--
This mail is sent via contact form on Pen and Paper WP http://localhost/penandpaper";s:9:"recipient";s:12:"[your-email]";s:18:"additional_headers";s:0:"";s:11:"attachments";s:0:"";s:8:"use_html";b:0;}]]></wp:meta_value>
		</wp:postmeta>
		<wp:postmeta>
			<wp:meta_key>_messages</wp:meta_key>
			<wp:meta_value><![CDATA[a:21:{s:12:"mail_sent_ok";s:43:"Your message was sent successfully. Thanks.";s:12:"mail_sent_ng";s:93:"Failed to send your message. Please try later or contact the administrator by another method.";s:16:"validation_error";s:74:"Validation errors occurred. Please confirm the fields and submit it again.";s:4:"spam";s:93:"Failed to send your message. Please try later or contact the administrator by another method.";s:12:"accept_terms";s:35:"Please accept the terms to proceed.";s:13:"invalid_email";s:28:"Email address seems invalid.";s:16:"invalid_required";s:31:"Please fill the required field.";s:17:"captcha_not_match";s:31:"Your entered code is incorrect.";s:13:"upload_failed";s:22:"Failed to upload file.";s:24:"upload_file_type_invalid";s:30:"This file type is not allowed.";s:21:"upload_file_too_large";s:23:"This file is too large.";s:23:"upload_failed_php_error";s:38:"Failed to upload file. Error occurred.";s:23:"quiz_answer_not_correct";s:27:"Your answer is not correct.";s:12:"invalid_date";s:26:"Date format seems invalid.";s:14:"date_too_early";s:23:"This date is too early.";s:13:"date_too_late";s:22:"This date is too late.";s:14:"invalid_number";s:28:"Number format seems invalid.";s:16:"number_too_small";s:25:"This number is too small.";s:16:"number_too_large";s:25:"This number is too large.";s:11:"invalid_url";s:18:"URL seems invalid.";s:11:"invalid_tel";s:31:"Telephone number seems invalid.";}]]></wp:meta_value>
		</wp:postmeta>
		<wp:postmeta>
			<wp:meta_key>_additional_settings</wp:meta_key>
			<wp:meta_value><![CDATA[]]></wp:meta_value>
		</wp:postmeta>
	</item>
	<item>
		<title>Slide 4</title>
		<link>http://localhost/wordpress_test/?slider_type=slide-4</link>
		<pubDate>Mon, 03 Dec 2012 17:36:15 +0000</pubDate>
		<dc:creator>admin</dc:creator>
		<guid isPermaLink="false">http://localhost/penandpaper/?post_type=slider_type&#038;p=119</guid>
		<description></description>
		<content:encoded><![CDATA[]]></content:encoded>
		<excerpt:encoded><![CDATA[]]></excerpt:encoded>
		<wp:post_id>119</wp:post_id>
		<wp:post_date>2012-12-03 17:36:15</wp:post_date>
		<wp:post_date_gmt>2012-12-03 17:36:15</wp:post_date_gmt>
		<wp:comment_status>closed</wp:comment_status>
		<wp:ping_status>closed</wp:ping_status>
		<wp:post_name>slide-4</wp:post_name>
		<wp:status>publish</wp:status>
		<wp:post_parent>0</wp:post_parent>
		<wp:menu_order>0</wp:menu_order>
		<wp:post_type>slider_type</wp:post_type>
		<wp:post_password></wp:post_password>
		<wp:is_sticky>0</wp:is_sticky>
		<wp:postmeta>
			<wp:meta_key>_edit_last</wp:meta_key>
			<wp:meta_value><![CDATA[1]]></wp:meta_value>
		</wp:postmeta>
	</item>
	<item>
		<title>Slide 3</title>
		<link>http://localhost/wordpress_test/?slider_type=slide-3</link>
		<pubDate>Mon, 03 Dec 2012 17:36:48 +0000</pubDate>
		<dc:creator>admin</dc:creator>
		<guid isPermaLink="false">http://localhost/penandpaper/?post_type=slider_type&#038;p=120</guid>
		<description></description>
		<content:encoded><![CDATA[]]></content:encoded>
		<excerpt:encoded><![CDATA[]]></excerpt:encoded>
		<wp:post_id>120</wp:post_id>
		<wp:post_date>2012-12-03 17:36:48</wp:post_date>
		<wp:post_date_gmt>2012-12-03 17:36:48</wp:post_date_gmt>
		<wp:comment_status>closed</wp:comment_status>
		<wp:ping_status>closed</wp:ping_status>
		<wp:post_name>slide-3</wp:post_name>
		<wp:status>publish</wp:status>
		<wp:post_parent>0</wp:post_parent>
		<wp:menu_order>0</wp:menu_order>
		<wp:post_type>slider_type</wp:post_type>
		<wp:post_password></wp:post_password>
		<wp:is_sticky>0</wp:is_sticky>
		<wp:postmeta>
			<wp:meta_key>_edit_last</wp:meta_key>
			<wp:meta_value><![CDATA[1]]></wp:meta_value>
		</wp:postmeta>
	</item>
	<item>
		<title>Slide 2</title>
		<link>http://localhost/wordpress_test/?slider_type=slide-2</link>
		<pubDate>Mon, 03 Dec 2012 17:37:08 +0000</pubDate>
		<dc:creator>admin</dc:creator>
		<guid isPermaLink="false">http://localhost/penandpaper/?post_type=slider_type&#038;p=121</guid>
		<description></description>
		<content:encoded><![CDATA[]]></content:encoded>
		<excerpt:encoded><![CDATA[]]></excerpt:encoded>
		<wp:post_id>121</wp:post_id>
		<wp:post_date>2012-12-03 17:37:08</wp:post_date>
		<wp:post_date_gmt>2012-12-03 17:37:08</wp:post_date_gmt>
		<wp:comment_status>closed</wp:comment_status>
		<wp:ping_status>closed</wp:ping_status>
		<wp:post_name>slide-2</wp:post_name>
		<wp:status>publish</wp:status>
		<wp:post_parent>0</wp:post_parent>
		<wp:menu_order>0</wp:menu_order>
		<wp:post_type>slider_type</wp:post_type>
		<wp:post_password></wp:post_password>
		<wp:is_sticky>0</wp:is_sticky>
		<wp:postmeta>
			<wp:meta_key>_edit_last</wp:meta_key>
			<wp:meta_value><![CDATA[1]]></wp:meta_value>
		</wp:postmeta>
	</item>
	<item>
		<title>Slide 1</title>
		<link>http://localhost/wordpress_test/?slider_type=122</link>
		<pubDate>Mon, 03 Dec 2012 17:37:48 +0000</pubDate>
		<dc:creator>admin</dc:creator>
		<guid isPermaLink="false">http://localhost/penandpaper/?post_type=slider_type&#038;p=122</guid>
		<description></description>
		<content:encoded><![CDATA[]]></content:encoded>
		<excerpt:encoded><![CDATA[]]></excerpt:encoded>
		<wp:post_id>122</wp:post_id>
		<wp:post_date>2012-12-03 17:37:48</wp:post_date>
		<wp:post_date_gmt>2012-12-03 17:37:48</wp:post_date_gmt>
		<wp:comment_status>closed</wp:comment_status>
		<wp:ping_status>closed</wp:ping_status>
		<wp:post_name>122</wp:post_name>
		<wp:status>publish</wp:status>
		<wp:post_parent>0</wp:post_parent>
		<wp:menu_order>0</wp:menu_order>
		<wp:post_type>slider_type</wp:post_type>
		<wp:post_password></wp:post_password>
		<wp:is_sticky>0</wp:is_sticky>
		<wp:postmeta>
			<wp:meta_key>_edit_last</wp:meta_key>
			<wp:meta_value><![CDATA[1]]></wp:meta_value>
		</wp:postmeta>
		<wp:postmeta>
			<wp:meta_key>slider_caption_meta</wp:meta_key>
			<wp:meta_value><![CDATA[Caption example!]]></wp:meta_value>
		</wp:postmeta>
	</item>
	<item>
		<title>Carpodacus ambiguus</title>
		<link>http://localhost/wordpress_test/?portfolio_type=carpodacus-ambiguus-2</link>
		<pubDate>Mon, 03 Dec 2012 17:48:03 +0000</pubDate>
		<dc:creator>admin</dc:creator>
		<guid isPermaLink="false">http://localhost/penandpaper/?post_type=portfolio_type&#038;p=129</guid>
		<description></description>
		<content:encoded><![CDATA[]]></content:encoded>
		<excerpt:encoded><![CDATA[]]></excerpt:encoded>
		<wp:post_id>129</wp:post_id>
		<wp:post_date>2012-12-03 17:48:03</wp:post_date>
		<wp:post_date_gmt>2012-12-03 17:48:03</wp:post_date_gmt>
		<wp:comment_status>closed</wp:comment_status>
		<wp:ping_status>closed</wp:ping_status>
		<wp:post_name>carpodacus-ambiguus-2</wp:post_name>
		<wp:status>publish</wp:status>
		<wp:post_parent>0</wp:post_parent>
		<wp:menu_order>0</wp:menu_order>
		<wp:post_type>portfolio_type</wp:post_type>
		<wp:post_password></wp:post_password>
		<wp:is_sticky>0</wp:is_sticky>
		<category domain="filter" nicename="animals"><![CDATA[Animals]]></category>
		<wp:postmeta>
			<wp:meta_key>_edit_last</wp:meta_key>
			<wp:meta_value><![CDATA[1]]></wp:meta_value>
		</wp:postmeta>
		<wp:postmeta>
			<wp:meta_key>portfolio_caption_meta</wp:meta_key>
			<wp:meta_value><![CDATA[Sorem ipsum dolor sit amet, conse ctetur adipiscing elit.]]></wp:meta_value>
		</wp:postmeta>
	</item>
	<item>
		<title>Zonotrichia whitii</title>
		<link>http://localhost/wordpress_test/?portfolio_type=zonotrichia-whitii</link>
		<pubDate>Mon, 03 Dec 2012 17:49:11 +0000</pubDate>
		<dc:creator>admin</dc:creator>
		<guid isPermaLink="false">http://localhost/penandpaper/?post_type=portfolio_type&#038;p=130</guid>
		<description></description>
		<content:encoded><![CDATA[]]></content:encoded>
		<excerpt:encoded><![CDATA[]]></excerpt:encoded>
		<wp:post_id>130</wp:post_id>
		<wp:post_date>2012-12-03 17:49:11</wp:post_date>
		<wp:post_date_gmt>2012-12-03 17:49:11</wp:post_date_gmt>
		<wp:comment_status>closed</wp:comment_status>
		<wp:ping_status>closed</wp:ping_status>
		<wp:post_name>zonotrichia-whitii</wp:post_name>
		<wp:status>publish</wp:status>
		<wp:post_parent>0</wp:post_parent>
		<wp:menu_order>0</wp:menu_order>
		<wp:post_type>portfolio_type</wp:post_type>
		<wp:post_password></wp:post_password>
		<wp:is_sticky>0</wp:is_sticky>
		<category domain="filter" nicename="nature"><![CDATA[Nature]]></category>
		<wp:postmeta>
			<wp:meta_key>_edit_last</wp:meta_key>
			<wp:meta_value><![CDATA[1]]></wp:meta_value>
		</wp:postmeta>
		<wp:postmeta>
			<wp:meta_key>portfolio_caption_meta</wp:meta_key>
			<wp:meta_value><![CDATA[Sorem ipsum dolor sit amet, conse ctetur adipiscing elit.]]></wp:meta_value>
		</wp:postmeta>
	</item>
	<item>
		<title>Heliodoxa schreibersii whitelyana</title>
		<link>http://localhost/wordpress_test/?portfolio_type=heliodoxa-schreibersii-whitelyana</link>
		<pubDate>Mon, 03 Dec 2012 17:49:49 +0000</pubDate>
		<dc:creator>admin</dc:creator>
		<guid isPermaLink="false">http://localhost/penandpaper/?post_type=portfolio_type&#038;p=131</guid>
		<description></description>
		<content:encoded><![CDATA[]]></content:encoded>
		<excerpt:encoded><![CDATA[]]></excerpt:encoded>
		<wp:post_id>131</wp:post_id>
		<wp:post_date>2012-12-03 17:49:49</wp:post_date>
		<wp:post_date_gmt>2012-12-03 17:49:49</wp:post_date_gmt>
		<wp:comment_status>closed</wp:comment_status>
		<wp:ping_status>closed</wp:ping_status>
		<wp:post_name>heliodoxa-schreibersii-whitelyana</wp:post_name>
		<wp:status>publish</wp:status>
		<wp:post_parent>0</wp:post_parent>
		<wp:menu_order>0</wp:menu_order>
		<wp:post_type>portfolio_type</wp:post_type>
		<wp:post_password></wp:post_password>
		<wp:is_sticky>0</wp:is_sticky>
		<category domain="filter" nicename="animals"><![CDATA[Animals]]></category>
		<wp:postmeta>
			<wp:meta_key>_edit_last</wp:meta_key>
			<wp:meta_value><![CDATA[1]]></wp:meta_value>
		</wp:postmeta>
		<wp:postmeta>
			<wp:meta_key>portfolio_caption_meta</wp:meta_key>
			<wp:meta_value><![CDATA[Sorem ipsum dolor sit amet, conse ctetur adipiscing elit.]]></wp:meta_value>
		</wp:postmeta>
	</item>
	<item>
		<title>Poospiza boliviana</title>
		<link>http://localhost/wordpress_test/?portfolio_type=poospiza-boliviana</link>
		<pubDate>Mon, 03 Dec 2012 17:50:49 +0000</pubDate>
		<dc:creator>admin</dc:creator>
		<guid isPermaLink="false">http://localhost/penandpaper/?post_type=portfolio_type&#038;p=132</guid>
		<description></description>
		<content:encoded><![CDATA[]]></content:encoded>
		<excerpt:encoded><![CDATA[]]></excerpt:encoded>
		<wp:post_id>132</wp:post_id>
		<wp:post_date>2012-12-03 17:50:49</wp:post_date>
		<wp:post_date_gmt>2012-12-03 17:50:49</wp:post_date_gmt>
		<wp:comment_status>closed</wp:comment_status>
		<wp:ping_status>closed</wp:ping_status>
		<wp:post_name>poospiza-boliviana</wp:post_name>
		<wp:status>publish</wp:status>
		<wp:post_parent>0</wp:post_parent>
		<wp:menu_order>0</wp:menu_order>
		<wp:post_type>portfolio_type</wp:post_type>
		<wp:post_password></wp:post_password>
		<wp:is_sticky>0</wp:is_sticky>
		<category domain="filter" nicename="birds"><![CDATA[Birds]]></category>
		<wp:postmeta>
			<wp:meta_key>_edit_last</wp:meta_key>
			<wp:meta_value><![CDATA[1]]></wp:meta_value>
		</wp:postmeta>
		<wp:postmeta>
			<wp:meta_key>portfolio_caption_meta</wp:meta_key>
			<wp:meta_value><![CDATA[Sorem ipsum dolor sit amet, conse ctetur adipiscing elit.]]></wp:meta_value>
		</wp:postmeta>
	</item>
	<item>
		<title>About</title>
		<link>http://localhost/wordpress_test/?sections=about</link>
		<pubDate>Tue, 04 Dec 2012 17:39:45 +0000</pubDate>
		<dc:creator>admin</dc:creator>
		<guid isPermaLink="false">http://localhost/penandpaper/?post_type=sections&#038;p=144</guid>
		<description></description>
		<content:encoded><![CDATA[[authors category=""]]]></content:encoded>
		<excerpt:encoded><![CDATA[]]></excerpt:encoded>
		<wp:post_id>144</wp:post_id>
		<wp:post_date>2012-12-04 17:39:45</wp:post_date>
		<wp:post_date_gmt>2012-12-04 17:39:45</wp:post_date_gmt>
		<wp:comment_status>closed</wp:comment_status>
		<wp:ping_status>closed</wp:ping_status>
		<wp:post_name>about</wp:post_name>
		<wp:status>publish</wp:status>
		<wp:post_parent>0</wp:post_parent>
		<wp:menu_order>0</wp:menu_order>
		<wp:post_type>sections</wp:post_type>
		<wp:post_password></wp:post_password>
		<wp:is_sticky>0</wp:is_sticky>
		<wp:postmeta>
			<wp:meta_key>_edit_last</wp:meta_key>
			<wp:meta_value><![CDATA[1]]></wp:meta_value>
		</wp:postmeta>
		<wp:postmeta>
			<wp:meta_key>home_title_meta</wp:meta_key>
			<wp:meta_value><![CDATA[Meet the Artists]]></wp:meta_value>
		</wp:postmeta>
		<wp:postmeta>
			<wp:meta_key>home_bg_repeat_meta</wp:meta_key>
			<wp:meta_value><![CDATA[repeat]]></wp:meta_value>
		</wp:postmeta>
		<wp:postmeta>
			<wp:meta_key>home_bg_ratio_meta</wp:meta_key>
			<wp:meta_value><![CDATA[0.5]]></wp:meta_value>
		</wp:postmeta>
		<wp:postmeta>
			<wp:meta_key>home_bg_set_meta</wp:meta_key>
			<wp:meta_value><![CDATA[diamond_upholstery]]></wp:meta_value>
		</wp:postmeta>
	</item>
	<item>
		<title>Portfolio</title>
		<link>http://localhost/wordpress_test/?sections=portfolio</link>
		<pubDate>Tue, 04 Dec 2012 17:40:25 +0000</pubDate>
		<dc:creator>admin</dc:creator>
		<guid isPermaLink="false">http://localhost/penandpaper/?post_type=sections&#038;p=145</guid>
		<description></description>
		<content:encoded><![CDATA[[portfolio category=""]]]></content:encoded>
		<excerpt:encoded><![CDATA[]]></excerpt:encoded>
		<wp:post_id>145</wp:post_id>
		<wp:post_date>2012-12-04 17:40:25</wp:post_date>
		<wp:post_date_gmt>2012-12-04 17:40:25</wp:post_date_gmt>
		<wp:comment_status>closed</wp:comment_status>
		<wp:ping_status>closed</wp:ping_status>
		<wp:post_name>portfolio</wp:post_name>
		<wp:status>publish</wp:status>
		<wp:post_parent>0</wp:post_parent>
		<wp:menu_order>0</wp:menu_order>
		<wp:post_type>sections</wp:post_type>
		<wp:post_password></wp:post_password>
		<wp:is_sticky>0</wp:is_sticky>
		<wp:postmeta>
			<wp:meta_key>_edit_last</wp:meta_key>
			<wp:meta_value><![CDATA[1]]></wp:meta_value>
		</wp:postmeta>
		<wp:postmeta>
			<wp:meta_key>home_title_meta</wp:meta_key>
			<wp:meta_value><![CDATA[Our best work]]></wp:meta_value>
		</wp:postmeta>
		<wp:postmeta>
			<wp:meta_key>home_bg_repeat_meta</wp:meta_key>
			<wp:meta_value><![CDATA[repeat]]></wp:meta_value>
		</wp:postmeta>
		<wp:postmeta>
			<wp:meta_key>home_bg_ratio_meta</wp:meta_key>
			<wp:meta_value><![CDATA[0.5]]></wp:meta_value>
		</wp:postmeta>
	</item>
	<item>
		<title>Contact</title>
		<link>http://localhost/wordpress_test/?sections=contact</link>
		<pubDate>Tue, 04 Dec 2012 17:40:56 +0000</pubDate>
		<dc:creator>admin</dc:creator>
		<guid isPermaLink="false">http://localhost/penandpaper/?post_type=sections&#038;p=146</guid>
		<description></description>
		<content:encoded><![CDATA[[separator][map][contact-form-7 id="33" title="Sample contact form"]]]></content:encoded>
		<excerpt:encoded><![CDATA[]]></excerpt:encoded>
		<wp:post_id>146</wp:post_id>
		<wp:post_date>2012-12-04 17:40:56</wp:post_date>
		<wp:post_date_gmt>2012-12-04 17:40:56</wp:post_date_gmt>
		<wp:comment_status>closed</wp:comment_status>
		<wp:ping_status>closed</wp:ping_status>
		<wp:post_name>contact</wp:post_name>
		<wp:status>publish</wp:status>
		<wp:post_parent>0</wp:post_parent>
		<wp:menu_order>0</wp:menu_order>
		<wp:post_type>sections</wp:post_type>
		<wp:post_password></wp:post_password>
		<wp:is_sticky>0</wp:is_sticky>
		<wp:postmeta>
			<wp:meta_key>_edit_last</wp:meta_key>
			<wp:meta_value><![CDATA[1]]></wp:meta_value>
		</wp:postmeta>
		<wp:postmeta>
			<wp:meta_key>home_title_meta</wp:meta_key>
			<wp:meta_value><![CDATA[Say hello before you leave]]></wp:meta_value>
		</wp:postmeta>
		<wp:postmeta>
			<wp:meta_key>home_subtitle_meta</wp:meta_key>
			<wp:meta_value><![CDATA[Or visit us in Melbourne, 4th Street 12-4008. <br>Show on <a class="google_map">Google map</a> &nbsp; <i class="icon-map-marker"></i>.]]></wp:meta_value>
		</wp:postmeta>
		<wp:postmeta>
			<wp:meta_key>home_bg_repeat_meta</wp:meta_key>
			<wp:meta_value><![CDATA[repeat]]></wp:meta_value>
		</wp:postmeta>
		<wp:postmeta>
			<wp:meta_key>home_bg_ratio_meta</wp:meta_key>
			<wp:meta_value><![CDATA[0.5]]></wp:meta_value>
		</wp:postmeta>
		<wp:postmeta>
			<wp:meta_key>home_bg_set_meta</wp:meta_key>
			<wp:meta_value><![CDATA[diamond_upholstery]]></wp:meta_value>
		</wp:postmeta>
	</item>
</channel>
</rss>
